응답ID,응답일시,학번,성명,소속학과,학년,참여프로그램,만족도(1-5),추천의향(1-5),자유의견
R0001,2025-12-20 15:28,20254050,최건우,기계공학과,2,AI 리터러시 특강,5,5,생성형 AI를 수업 과제에 바로 써볼 수 있어서 좋았습니다.
R0002,2025-12-20 09:49,20251245,안지호,국어국문학과,1,비교과 마일리지,5,5,프로그램 종류가 다양해졌습니다.
R0003,2025-12-14 17:59,20254828,임다은,국어국문학과,4,비교과 마일리지,4,4,마일리지 적립 확인이 늦어요.
R0004,2025-12-13 10:54,20229403,임민준,영어영문학과,3,PBL 수업,5,5,
R0005,2025-12-13 15:04,20214498,조서연,AI소프트웨어학과,3,학생성공센터 상담,3,2,
R0006,2025-12-04 11:15,20232427,임주원,국어국문학과,3,비교과 마일리지,4,4,
R0007,2025-12-14 19:24,20243911,송예준,AI소프트웨어학과,3,캡스톤디자인,1,1,실제 현장 문제를 다뤄서 의미 있었어요.
R0008,2025-12-21 18:06,20215420,류수아,국어국문학과,2,AI 리터러시 특강,5,5,프롬프트 작성법을 배운 뒤 리포트 쓰는 시간이 줄었습니다.
R0009,2025-12-07 18:40,20231156,홍주원,기계공학과,3,AI 리터러시 특강,4,4,생성형 AI를 수업 과제에 바로 써볼 수 있어서 좋았습니다.
R0010,2025-12-06 19:09,20258425,정선우,AI소프트웨어학과,3,학생성공센터 상담,5,5,온라인 상담도 열어주세요.
R0011,2025-12-16 18:05,20224109,강하린,산업디자인학과,3,학생성공센터 상담,,5,온라인 상담도 열어주세요.
R0012,2025-12-10 17:11,20255180,윤하린,화학공학과,3,비교과 마일리지,3,2,학과 행사도 마일리지로 인정되면 좋겠습니다.
R0013,2025-12-07 20:01,20228852,송유준,사회복지학과,3,글로벌 단기연수,5,5,출국 전 오리엔테이션이 유익했어요.
R0014,2025-12-03 14:08,20211763,강수아,전자공학과,3,AI 리터러시 특강,5,5,실습 위주라 이해가 잘 됐어요.
R0015,2025-12-23 13:02,20253299,류서연,국어국문학과,3,PBL 수업,5,5,
R0016,2025-12-24 09:57,20216096,한도윤,영어영문학과,1,AI 리터러시 특강,5,5,특강 시간이 저녁이라 참여가 어려웠습니다.
R0017,2025-12-14 21:01,20236764,박가은,AI소프트웨어학과,1,글로벌 단기연수,5,5,
R0018,2025-12-09 15:46,20247212,류민준,사회복지학과,1,PBL 수업,4,5,토론이 많아서 처음엔 힘들었지만 남는 게 많았어요.
R0019,2025-12-01 13:38,20248217,권소율,영어영문학과,3,학생성공센터 상담,5,5,
R0020,2025-12-07 17:10,20248967,장민준,전자공학과,2,AI 리터러시 특강,2,1,프롬프트 작성법을 배운 뒤 리포트 쓰는 시간이 줄었습니다.
R0021,2025-12-26 21:48,20244956,한현우,산업디자인학과,2,캡스톤디자인,4,4,재료비 지원이 부족했습니다.
R0022,2025-12-23 10:17,20226185,조도윤,경영학과,3,PBL 수업,5,5,토론이 많아서 처음엔 힘들었지만 남는 게 많았어요.
R0023,2025-12-23 18:28,20234507,신현우,산업디자인학과,3,PBL 수업,3,3,조별 활동 부담이 큽니다.
R0024,2025-12-21 11:25,20251679,장선우,전자공학과,2,학생성공센터 상담,5,5,진로 상담 선생님이 친절했습니다.
R0025,2025-12-03 19:12,20223308,이유준,영어영문학과,3,비교과 마일리지,2,2,마일리지 적립 확인이 늦어요.
R0026,2025-12-18 20:33,20218736,송연우,국어국문학과,2,AI 리터러시 특강,5,5,특강 시간이 저녁이라 참여가 어려웠습니다.
R0027,2025-12-07 19:56,20244668,박채원,화학공학과,3,비교과 마일리지,5,5,학과 행사도 마일리지로 인정되면 좋겠습니다.
R0028,2025-12-07 12:57,20256621,권주원,산업디자인학과,2,PBL 수업,4,5,토론이 많아서 처음엔 힘들었지만 남는 게 많았어요.
R0029,2025-12-15 14:35,20256249,장연우,국어국문학과,2,학생성공센터 상담,3,3,진로 상담 선생님이 친절했습니다.
R0030,2025-12-16 11:33,20222049,신서연,경영학과,3,비교과 마일리지,4,3,프로그램 종류가 다양해졌습니다.
R0031,2025-12-17 17:53,20242409,윤건우,간호학과,3,PBL 수업,4,4,평가 기준이 모호했습니다.
R0032,2025-12-07 15:34,20254411,임도윤,간호학과,3,PBL 수업,3,3,플립러닝 영상 품질이 좋았습니다.
R0033,2025-12-19 10:31,20219819,이우진,컴퓨터공학과,3,AI 리터러시 특강,1,1,
R0034,2025-12-14 16:33,20247779,서시우,회계학과,3,AI 리터러시 특강,4,5,특강 시간이 저녁이라 참여가 어려웠습니다.
R0035,2025-12-01 19:18,20215263,정연우,국어국문학과,1,학생성공센터 상담,4,5,예약이 너무 빨리 마감돼요.
R0036,2025-12-20 13:45,20242718,황하린,사회복지학과,1,학생성공센터 상담,4,5,
R0037,2025-12-21 12:33,20217156,신우진,사회복지학과,2,AI 리터러시 특강,5,5,프롬프트 작성법을 배운 뒤 리포트 쓰는 시간이 줄었습니다.
R0038,2025-12-07 21:12,20224811,오서윤,전자공학과,3,AI 리터러시 특강,5,5,실습 위주라 이해가 잘 됐어요.
R0039,2025-12-14 17:50,20222444,장현우,영어영문학과,3,PBL 수업,3,3,
R0040,2025-12-17 19:53,20214292,류가은,전자공학과,2,캡스톤디자인,3,2,팀 구성 방식이 개선되면 좋겠어요.
R0040,2025-12-17 19:53,20214292,류가은,전자공학과,2,캡스톤디자인,3,2,팀 구성 방식이 개선되면 좋겠어요.
R0041,2025-12-06 10:13,20211613,송예린,간호학과,3,AI 리터러시 특강,3,2,실습 위주라 이해가 잘 됐어요.
R0042,2025-12-11 15:29,20212014,정가은,AI소프트웨어학과,1,AI 리터러시 특강,4,4,
R0043,2025-12-06 15:29,20257113,김유준,화학공학과,1,비교과 마일리지,4,4,
R0044,2025-12-26 20:56,20253704,최우진,국어국문학과,2,학생성공센터 상담,4,4,
R0045,2025-12-24 20:49,20254128,안선우,전자공학과,2,PBL 수업,4,4,토론이 많아서 처음엔 힘들었지만 남는 게 많았어요.
R0046,2025-12-03 21:21,20239828,오채원,경영학과,3,AI 리터러시 특강,5,5,실습 위주라 이해가 잘 됐어요.
R0047,2025-12-19 11:34,20251812,윤시우,산업디자인학과,2,학생성공센터 상담,3,3,온라인 상담도 열어주세요.
R0048,2025-12-09 16:25,20222959,서선우,국어국문학과,1,AI 리터러시 특강,5,5,실습 위주라 이해가 잘 됐어요.
R0049,2025-12-17 18:54,20212612,장시우,기계공학과,2,비교과 마일리지,5,5,학과 행사도 마일리지로 인정되면 좋겠습니다.
R0050,2025-12-28 16:34,20251739,서서윤,컴퓨터공학과,3,글로벌 단기연수,5,4,
R0051,2025-12-16 19:17,20245660,안현우,사회복지학과,2,비교과 마일리지,3,3,마일리지 적립 확인이 늦어요.
R0052,2025-12-02 14:47,20211229,윤선우,국어국문학과,4,비교과 마일리지,4,4,학과 행사도 마일리지로 인정되면 좋겠습니다.
R0053,2025-12-08 09:33,20214665,신하린,AI소프트웨어학과,2,학생성공센터 상담,5,5,
R0054,2025-12-04 12:55,20225017,홍연우,영어영문학과,1,AI 리터러시 특강,5,5,기초반과 심화반을 나눠 주면 좋겠어요.
R0055,2025-12-22 15:23,20238255,정가은,컴퓨터공학과,3,AI 리터러시 특강,5,4,프롬프트 작성법을 배운 뒤 리포트 쓰는 시간이 줄었습니다.
R0056,2025-12-26 17:39,20233111,윤다은,영어영문학과,3,캡스톤디자인,4,4,
R0057,2025-12-22 09:40,20254113,장지우,회계학과,2,PBL 수업,4,5,평가 기준이 모호했습니다.
R0058,2025-12-18 12:40,20211623,최지우,간호학과,2,AI 리터러시 특강,,4,생성형 AI를 수업 과제에 바로 써볼 수 있어서 좋았습니다. 추가 문의는 010-0000-3635로 연락 주세요.
R0059,2025-12-03 21:07,20226541,한다은,화학공학과,2,글로벌 단기연수,5,5,
R0060,2025-12-10 17:48,20247952,장현우,경영학과,2,비교과 마일리지,5,5,경영학과 20247952 장현우입니다. 마일리지 적립 확인이 늦어요.
R0061,2025-12-27 19:29,20232589,권주원,영어영문학과,3,캡스톤디자인,5,5,재료비 지원이 부족했습니다.
R0062,2025-12-10 11:14,20234494,홍지호,화학공학과,2,학생성공센터 상담,5,4,학업 상담 덕분에 휴학 생각을 접었습니다.
R0063,2025-12-15 17:51,20216282,권선우,사회복지학과,4,학생성공센터 상담,5,5,
R0064,2025-12-19 15:50,20249456,윤지호,전자공학과,2,글로벌 단기연수,5,5,하계 과정이 취소되어 아쉬웠습니다.
R0065,2025-12-28 13:51,20253536,류선우,경영학과,2,AI 리터러시 특강,5,5,기초반과 심화반을 나눠 주면 좋겠어요.
R0066,2025-12-26 17:05,20225847,김유준,컴퓨터공학과,1,AI 리터러시 특강,5,5,특강 시간이 저녁이라 참여가 어려웠습니다. 회신은 stu20225847@hanbit.example 로 부탁드립니다.
R0067,2025-12-08 20:14,20232387,김유준,산업디자인학과,2,학생성공센터 상담,4,3,온라인 상담도 열어주세요.
R0068,2025-12-18 21:46,20247461,오주원,전자공학과,4,비교과 마일리지,5,5,학과 행사도 마일리지로 인정되면 좋겠습니다.
R0069,2025-12-21 09:33,20246720,김현우,영어영문학과,3,AI 리터러시 특강,5,4,
R0070,2025-12-13 19:10,20247888,정지우,화학공학과,2,학생성공센터 상담,1,1,
R0071,2025-12-25 11:58,20235489,이다은,기계공학과,4,학생성공센터 상담,4,5,예약이 너무 빨리 마감돼요.
R0072,2025-12-20 20:30,20241595,한하은,회계학과,2,AI 리터러시 특강,5,5,프롬프트 작성법을 배운 뒤 리포트 쓰는 시간이 줄었습니다. 추가 문의는 010-0000-4856로 연락 주세요.
R0073,2025-12-18 16:54,20237594,강수아,산업디자인학과,3,비교과 마일리지,4,4,
R0074,2025-12-26 21:24,20252514,황지우,컴퓨터공학과,1,학생성공센터 상담,5,5,예약이 너무 빨리 마감돼요.
R0075,2025-12-23 15:38,20214893,김다은,전자공학과,3,글로벌 단기연수,5,5,
R0076,2025-12-09 17:34,20225250,안도윤,산업디자인학과,4,PBL 수업,4,4,산업디자인학과 20225250 안도윤입니다. 상담 결과를 메일로 받고 싶습니다.
R0077,2025-12-04 16:44,20214347,정도윤,영어영문학과,2,AI 리터러시 특강,5,5,프롬프트 작성법을 배운 뒤 리포트 쓰는 시간이 줄었습니다.
R0078,2025-12-26 16:13,20259289,임민준,회계학과,3,비교과 마일리지,5,5,마일리지로 장학금 받을 수 있어서 동기부여가 됐어요.
R0079,2025-12-22 20:04,20226102,한수아,컴퓨터공학과,1,AI 리터러시 특강,5,5,기초반과 심화반을 나눠 주면 좋겠어요.
R0080,2025-12-23 20:30,20248565,최유준,AI소프트웨어학과,1,학생성공센터 상담,5,4,
R0081,2025-12-24 13:21,20214387,홍도윤,기계공학과,4,AI 리터러시 특강,5,5,프롬프트 작성법을 배운 뒤 리포트 쓰는 시간이 줄었습니다.
R0082,2025-12-19 16:46,20234090,조현우,화학공학과,1,캡스톤디자인,4,3,팀 구성 방식이 개선되면 좋겠어요.
R0083,2025-12-06 12:25,20212668,정예린,영어영문학과,2,비교과 마일리지,4,4,프로그램 종류가 다양해졌습니다.
R0084,2025-12-11 15:59,20214712,이서윤,영어영문학과,3,AI 리터러시 특강,5,4,생성형 AI를 수업 과제에 바로 써볼 수 있어서 좋았습니다.
R0085,2025-12-26 21:15,20248909,한채원,사회복지학과,1,비교과 마일리지,5,5,마일리지 적립 확인이 늦어요.
R0086,2025-12-07 17:21,20236423,조주원,기계공학과,4,비교과 마일리지,5,4,학과 행사도 마일리지로 인정되면 좋겠습니다.
R0087,2025-12-19 20:12,20225159,송수아,간호학과,2,캡스톤디자인,5,5,실제 현장 문제를 다뤄서 의미 있었어요.
R0088,2025-12-23 14:21,20251437,조지호,경영학과,2,글로벌 단기연수,5,5,하계 과정이 취소되어 아쉬웠습니다.
R0089,2025-12-18 17:35,20243032,권하린,경영학과,2,AI 리터러시 특강,6,5,
R0090,2025-12-08 21:36,20233386,최민준,기계공학과,4,AI 리터러시 특강,5,5,
R0091,2025-12-22 11:19,20252249,권서연,컴퓨터공학과,2,학생성공센터 상담,4,5,
R0092,2025-12-04 18:25,20251267,강예준,컴퓨터공학과,3,캡스톤디자인,5,5,재료비 지원이 부족했습니다.
R0093,2025-12-13 16:38,20226441,이유준,국어국문학과,4,AI 리터러시 특강,5,5,실습 위주라 이해가 잘 됐어요.
R0094,2025-12-04 18:07,20257667,임다은,AI소프트웨어학과,4,AI 리터러시 특강,4,5,기초반과 심화반을 나눠 주면 좋겠어요.
R0095,2025-12-24 15:38,20258081,신민준,전자공학과,1,PBL 수업,4,5,플립러닝 영상 품질이 좋았습니다.
R0096,2025-12-02 16:44,20215003,최건우,회계학과,3,학생성공센터 상담,5,5,
R0097,2025-12-14 18:51,20237480,윤지호,화학공학과,4,AI 리터러시 특강,5,5,프롬프트 작성법을 배운 뒤 리포트 쓰는 시간이 줄었습니다.
R0098,2025-12-19 16:00,20253009,박하은,간호학과,2,AI 리터러시 특강,5,5,프롬프트 작성법을 배운 뒤 리포트 쓰는 시간이 줄었습니다.
R0099,2025-12-23 18:14,20233818,박건우,AI소프트웨어학과,3,학생성공센터 상담,5,4,학업 상담 덕분에 휴학 생각을 접었습니다.
R0100,2025-12-07 14:53,20236314,황도윤,AI소프트웨어학과,2,AI 리터러시 특강,3,3,생성형 AI를 수업 과제에 바로 써볼 수 있어서 좋았습니다. 회신은 stu20236314@hanbit.example 로 부탁드립니다.
R0101,2025-12-02 19:06,20224309,송유준,회계학과,2,PBL 수업,5,4,
R0102,2025-12-28 13:07,20243209,한연우,AI소프트웨어학과,3,학생성공센터 상담,5,5,예약이 너무 빨리 마감돼요.
R0103,2025-12-19 17:14,20229215,임시우,전자공학과,4,캡스톤디자인,3,3,기업 멘토 배정이 늦어서 일정이 촉박했습니다.
R0104,2025-12-15 17:04,20225535,정유준,산업디자인학과,1,글로벌 단기연수,5,5,해외 대학 수업을 들어볼 수 있어 최고였습니다.
R0105,2025-12-25 12:15,20255661,송시우,컴퓨터공학과,3,비교과 마일리지,3,4,마일리지 적립 확인이 늦어요.
R0106,2025-12-02 11:04,20223470,이예린,AI소프트웨어학과,3,AI 리터러시 특강,5,4,기초반과 심화반을 나눠 주면 좋겠어요.
R0107,2025-12-21 19:33,20238921,이우진,기계공학과,3,비교과 마일리지,5,5,
R0108,2025-12-26 20:50,20222836,홍채원,회계학과,4,캡스톤디자인,4,5,팀 구성 방식이 개선되면 좋겠어요.
R0109,2025-12-02 18:28,20229174,장서연,회계학과,3,캡스톤디자인,4,5,
R0110,2025-12-03 10:58,20251291,홍다은,컴퓨터공학과,3,PBL 수업,3,3,조별 활동 부담이 큽니다. 추가 문의는 010-0000-1506로 연락 주세요.
R0111,2025-12-24 17:49,20223395,이수아,컴퓨터공학과,1,AI 리터러시 특강,5,5,컴퓨터공학과 20223395 이수아입니다. 프롬프트 작성법을 배운 뒤 리포트 쓰는 시간이 줄었습니다.
R0112,2025-12-02 14:26,20253811,서시우,회계학과,2,학생성공센터 상담,5,4,온라인 상담도 열어주세요.
R0113,2025-12-01 12:26,20229020,홍도윤,경영학과,4,비교과 마일리지,5,4,마일리지로 장학금 받을 수 있어서 동기부여가 됐어요.
R0114,2025-12-10 13:07,20255883,황채원,영어영문학과,1,PBL 수업,3,3,평가 기준이 모호했습니다.
R0115,2025-12-13 18:41,20214723,오수아,전자공학과,3,비교과 마일리지,4,4,프로그램 종류가 다양해졌습니다.
R0116,2025-12-07 15:22,20253904,권현우,회계학과,3,글로벌 단기연수,5,5,해외 대학 수업을 들어볼 수 있어 최고였습니다.
R0117,2025-12-16 16:31,20244336,서예준,사회복지학과,3,학생성공센터 상담,5,5,
R0118,2025-12-09 18:01,20229852,서채원,영어영문학과,1,글로벌 단기연수,5,5,선발 인원이 너무 적어요.
R0119,2025-12-05 21:15,20244564,장하은,전자공학과,1,비교과 마일리지,5,5,마일리지 적립 확인이 늦어요. 회신은 stu20244564@hanbit.example 로 부탁드립니다.
R0120,2025-12-10 15:38,20237298,권지호,컴퓨터공학과,2,캡스톤디자인,5,4,기업 멘토 배정이 늦어서 일정이 촉박했습니다.
